{
    "name": "Dactyl Manuform 4x5",
    "vendorId": "0x444D",
    "productId": "0x3435",
    "lighting": "none",
    "matrix": {
        "rows": 5,
        "cols": 10
    },
    "layouts": {
        "keymap":
[
  {
    "name": "Dactyl Manuform 4x5",
    "author": "ergohaven"
  },
  [
    {
      "y": 0.6,
      "x": 3,
      "c": "#e8e8e8",
      "p": "CHICKLET",
      "f": 4
    },
    "0,7",
    {
      "x": 8.65
    },
    "2,7"
  ],
  [
    {
      "y": -0.9500000000000001,
      "x": 11.65
    },
    "2,8"
  ],
  [
    {
      "y": -0.8999999999999999,
      "x": 2
    },
    "0,6",
    {
      "x": 1
    },
    "0,8",
    {
      "x": 8.65
    },
    "2,6"
  ],
  [
    {
      "y": -0.85,
      "x": 1
    },
    "0,5",
    {
      "x": 3
    },
    "0,9",
    {
      "a": 7,
      "w": 3,
      "h": 2.75,
      "d": true
    },
    "",
    {
      "x": -3,
      "w": 3,
      "h": 2.75,
      "d": true
    },
    "",
    {
      "x": 1.6500000000000004,
      "a": 4
    },
    "2,9",
    {
      "x": 3
    },
    "2,5"
  ],
  [
    {
      "y": -0.2999999999999998,
      "x": 3
    },
    "0,2",
    {
      "x": 8.65
    },
    "3,2"
  ],
  [
    {
      "y": -0.8500000000000001,
      "x": 2
    },
    "0,3",
    {
      "x": 1
    },
    "0,1",
    {
      "x": 6.65
    },
    "3,3",
    {
      "x": 1
    },
    "3,1"
  ],
  [
    {
      "y": -0.8500000000000001,
      "x": 1
    },
    "0,4",
    {
      "x": 3
    },
    "0,0",
    {
      "x": 4.65
    },
    "3,4",
    {
      "x": 3
    },
    "3,0"
  ],
  [
    {
      "y": -0.2999999999999998,
      "x": 3
    },
    "1,2",
    {
      "x": 8.65
    },
    "3,7"
  ],
  [
    {
      "y": -0.8500000000000001,
      "x": 2
    },
    "1,1",
    {
      "x": 1
    },
    "1,3",
    {
      "x": 6.65
    },
    "3,8",
    {
      "x": 1
    },
    "3,6"
  ],
  [
    {
      "y": -0.8500000000000001,
      "x": 1
    },
    "1,0",
    {
      "x": 3
    },
    "1,4",
    {
      "x": 4.65
    },
    "3,9",
    {
      "x": 3
    },
    "3,5"
  ],
  [
    {
      "y": -0.2999999999999998,
      "x": 3
    },
    "1,7",
    {
      "x": 8.65
    },
    "4,2"
  ],
  [
    {
      "y": -0.8499999999999996,
      "x": 2
    },
    "1,6"
  ],
  [
    {
      "rx": 0.25,
      "y": 3.75,
      "x": 13.4
    },
    "4,1"
  ],
  [
    {
      "r": 15,
      "rx": 0,
      "y": 2.35,
      "x": 6
    },
    "1,8"
  ],
  [
    {
      "y": -0.9500000000000002,
      "x": 7
    },
    "2,3",
    "2,1"
  ],
  [
    {
      "x": 7
    },
    "2,4",
    "2,2"
  ],
  [
    {
      "r": -15,
      "y": 2.299999999999999,
      "x": 7.2
    },
    "4,6"
  ],
  [
    {
      "y": -0.9999999999999991,
      "x": 8.2
    },
    "4,8"
  ],
  [
    {
      "x": 7.2
    },
    "4,7",
    "4,9"
  ],
  [
    {
      "rx": 0.5,
      "y": 6.55,
      "x": 8.7
    },
    "4,3"
  ]
]
    }
}
